名称,,,硬盘大小,内存大小,CPU,每月流量,带宽,每年价格,机房1,机房2,机房3,机房4,机房5,机房6,,,,,,,
Basic VPS - Self-managed - 20G KVM - PROMO,Basic VPS - Self-managed - 20G KVM - PROMO,https://bwh81.net/aff.php?aff=20859&pid=44,20 GB RAID-10,1024 MB,2x Intel Xeon ,1 TB/mo,1 Gigabit,$49.99 ,US - Los Angeles DC2 QNET ,US - Fremont ,US - Los Angeles DC4 MCOM ,Canada - Vancouver ,US - New Jersey ,NL - Amsterdam ,,,,,,,
Basic VPS - Self-managed - 40G KVM - PROMO,Basic VPS - Self-managed - 40G KVM - PROMO,https://bwh81.net/aff.php?aff=20859&pid=45,40 GB RAID-10,2 GB,3x Intel Xeon ,2 TB/mo,1 Gigabit,$99.99 ,US - Los Angeles DC2 QNET ,US - Fremont ,US - Los Angeles DC4 MCOM ,Canada - Vancouver ,US - New Jersey ,NL - Amsterdam ,,,,,,,
Basic VPS - Self-managed - 80G KVM - PROMO,Basic VPS - Self-managed - 80G KVM - PROMO,https://bwh81.net/aff.php?aff=20859&pid=46,80 GB RAID-10,4 GB,4x Intel Xeon ,3 TB/mo,1 Gigabit,$199.99 ,US - Los Angeles DC2 QNET ,US - Fremont ,US - Los Angeles DC4 MCOM ,Canada - Vancouver ,US - New Jersey ,NL - Amsterdam ,,,,,,,
Basic VPS - Self-managed - 160G KVM - PROMO,Basic VPS - Self-managed - 160G KVM - PROMO,https://bwh81.net/aff.php?aff=20859&pid=47,160 GB RAID-10,8 GB,5x Intel Xeon ,4 TB/mo,1 Gigabit,$399.99 ,US - Los Angeles DC2 QNET ,US - Fremont ,US - Los Angeles DC4 MCOM ,Canada - Vancouver ,US - New Jersey ,NL - Amsterdam ,,,,,,,
Basic VPS - Self-managed - 320G KVM - PROMO,Basic VPS - Self-managed - 320G KVM - PROMO,https://bwh81.net/aff.php?aff=20859&pid=48,320 GB RAID-10,16 GB,6x Intel Xeon ,5 TB/mo,1 Gigabit,$799.99 ,US - Los Angeles DC2 QNET ,US - Fremont ,US - Los Angeles DC4 MCOM ,Canada - Vancouver ,US - New Jersey ,NL - Amsterdam ,,,,,,,
Basic VPS - Self-managed - 480G KVM - PROMO,Basic VPS - Self-managed - 480G KVM - PROMO,https://bwh81.net/aff.php?aff=20859&pid=49,480GB RAID-10,24 GB,7x Intel Xeon ,6 TB/mo,1 Gigabit,"$1,199.99 ",US - Los Angeles DC2 QNET ,US - Fremont ,US - Los Angeles DC4 MCOM ,Canada - Vancouver ,US - New Jersey ,NL - Amsterdam ,,,,,,,
Basic VPS - Self-managed - SPECIAL 20G KVM PROMO V3 - LOS ANGELES - CN2,Basic VPS - Self-managed - SPECIAL 20G KVM PROMO V3 - LOS ANGELES - CN2,https://bwh81.net/aff.php?aff=20859&pid=57,20 GB RAID-10,1024 MB,1x Intel Xeon,1000 GB/mo,1 Gigabit,$49.99 ,US - Los Angeles DC3 CN2 ,,,,,,,,,,,,
Basic VPS - Self-managed - SPECIAL 40G KVM PROMO V3 - LOS ANGELES - CN2,Basic VPS - Self-managed - SPECIAL 40G KVM PROMO V3 - LOS ANGELES - CN2,https://bwh81.net/aff.php?aff=20859&pid=58,40 GB RAID-10,2048 MB,1x Intel Xeon,2000 GB/mo,1 Gigabit,$99.99 ,US - Los Angeles DC3 CN2 ,,,,,,,,,,,,
Basic VPS - Self-managed - SPECIAL 80G KVM PROMO V3 - LOS ANGELES - CN2,Basic VPS - Self-managed - SPECIAL 80G KVM PROMO V3 - LOS ANGELES - CN2,https://bwh81.net/aff.php?aff=20859&pid=59,80 GB RAID-10,4096 MB,2x Intel Xeon,3000 GB/mo,1 Gigabit,$199.99 ,US - Los Angeles DC3 CN2 ,,,,,,,,,,,,
Basic VPS - Self-managed - SPECIAL 160G KVM PROMO V3 - LOS ANGELES - CN2,Basic VPS - Self-managed - SPECIAL 160G KVM PROMO V3 - LOS ANGELES - CN2,https://bwh81.net/aff.php?aff=20859&pid=67,160 GB RAID-10,8 GB,2x Intel Xeon,5000 GB/mo,1 Gigabit,$399.99 ,US - Los Angeles DC3 CN2 ,,,,,,,,,,,,
Basic VPS - Self-managed - SPECIAL 320G KVM PROMO V3 - LOS ANGELES - CN2,Basic VPS - Self-managed - SPECIAL 320G KVM PROMO V3 - LOS ANGELES - CN2,https://bwh81.net/aff.php?aff=20859&pid=68,320 GB RAID-10,16 GB,3x Intel Xeon,8000 GB/mo,1 Gigabit,$799.99 ,US - Los Angeles DC3 CN2 ,,,,,,,,,,,,
Basic VPS - Self-managed - SPECIAL 640G KVM PROMO V3 - LOS ANGELES - CN2 GIA,Basic VPS - Self-managed - SPECIAL 640G KVM PROMO V3 - LOS ANGELES - CN2 GIA,https://bwh81.net/aff.php?aff=20859&pid=79,640 GB RAID-10,32 GB,10x Intel Xeon,10000 GB/mo,1 Gigabit,"$2,499.99 ",,,,,,,,,,,,,
Basic VPS - Self-managed - SPECIAL 1280G KVM PROMO V3 - LOS ANGELES - CN2 GIA,Basic VPS - Self-managed - SPECIAL 1280G KVM PROMO V3 - LOS ANGELES - CN2 GIA,https://bwh81.net/aff.php?aff=20859&pid=80,1280 GB RAID-10,64 GB,12x Intel Xeon,12000 GB/mo,1 Gigabit,"$4,599.99 ",,,,,,,,,,,,,
Basic VPS - Self-managed - SPECIAL 20G KVM PROMO V5 - LOS ANGELES - CN2 GIA ECOMMERCE,Basic VPS - Self-managed - SPECIAL 20G KVM PROMO V5 - LOS ANGELES - CN2 GIA ECOMMERCE,https://bwh81.net/aff.php?aff=20859&pid=87,20 GB RAID-10,1 GB,2x Intel Xeon,1000 GB/mo,2.5 Gigabit,$169.99 ,US - Los Angeles DC6 CN2GIA ,JP - Equinix Osaka Softbank ,,,,,,,,,,,
Basic VPS - Self-managed - SPECIAL 40G KVM PROMO V5 - LOS ANGELES - CN2 GIA ECOMMERCE,Basic VPS - Self-managed - SPECIAL 40G KVM PROMO V5 - LOS ANGELES - CN2 GIA ECOMMERCE,https://bwh81.net/aff.php?aff=20859&pid=88,40 GB RAID-10,2 GB,3x Intel Xeon,2000 GB/mo,2.5 Gigabit,$299.99 ,US - Los Angeles DC6 CN2GIA ,JP - Equinix Osaka Softbank ,,,,,,,,,,,
Basic VPS - Self-managed - SPECIAL 80G KVM PROMO V5 - LOS ANGELES - CN2 GIA ECOMMERCE,Basic VPS - Self-managed - SPECIAL 80G KVM PROMO V5 - LOS ANGELES - CN2 GIA ECOMMERCE,https://bwh81.net/aff.php?aff=20859&pid=89,80 GB RAID-10,4 GB,4x Intel Xeon,3000 GB/mo,2.5 Gigabit,$549.99 ,US - Los Angeles DC6 CN2GIA ,JP - Equinix Osaka Softbank ,,,,,,,,,,,
Basic VPS - Self-managed - SPECIAL 160G KVM PROMO V5 - LOS ANGELES - CN2 GIA ECOMMERCE,Basic VPS - Self-managed - SPECIAL 160G KVM PROMO V5 - LOS ANGELES - CN2 GIA ECOMMERCE,https://bwh81.net/aff.php?aff=20859&pid=90,160 GB RAID-10,8 GB,6x Intel Xeon,5000 GB/mo,5 Gigabit,$879.99 ,US - Los Angeles DC6 CN2GIA ,JP - Equinix Osaka Softbank ,,,,,,,,,,,
Basic VPS - Self-managed - SPECIAL 320G KVM PROMO V5 - LOS ANGELES - CN2 GIA ECOMMERCE,Basic VPS - Self-managed - SPECIAL 320G KVM PROMO V5 - LOS ANGELES - CN2 GIA ECOMMERCE,https://bwh81.net/aff.php?aff=20859&pid=91,320 GB RAID-10,16 GB,8x Intel Xeon,8000 GB/mo,5 Gigabit,"$1,599.99 ",US - Los Angeles DC6 CN2GIA ,JP - Equinix Osaka Softbank ,,,,,,,,,,,
Basic VPS - Self-managed - SPECIAL 640G KVM PROMO V5 - LOS ANGELES - CN2 GIA ECOMMERCE,Basic VPS - Self-managed - SPECIAL 640G KVM PROMO V5 - LOS ANGELES - CN2 GIA ECOMMERCE,https://bwh81.net/aff.php?aff=20859&pid=92,640 GB RAID-10,32 GB,10x Intel Xeon,10000 GB/mo,10 Gigabit,"$2,759.99 ",US - Los Angeles DC6 CN2GIA ,JP - Equinix Osaka Softbank ,,,,,,,,,,,
Basic VPS - Self-managed - SPECIAL 1280G KVM PROMO V5 - LOS ANGELES - CN2 GIA ECOMMERCE,Basic VPS - Self-managed - SPECIAL 1280G KVM PROMO V5 - LOS ANGELES - CN2 GIA ECOMMERCE,https://bwh81.net/aff.php?aff=20859&pid=93,1280 GB RAID-10,64 GB,12x Intel Xeon,12000 GB/mo,10 Gigabit,"$5,399.99 ",US - Los Angeles DC6 CN2GIA ,JP - Equinix Osaka Softbank ,,,,,,,,,,,
Basic VPS - Self-managed - SPECIAL 40G KVM PROMO V5 - HONG KONG CN2 GIA,Basic VPS - Self-managed - SPECIAL 40G KVM PROMO V5 - HONG KONG CN2 GIA,https://bwh81.net/aff.php?aff=20859&pid=95,40 GB RAID-10,2048 MB,2x Intel Xeon,500 GB/mo,1 Gigabit,$899.99 ,HK - Hong Kong CN2 GIA ,,,,,,,,,,,,
Basic VPS - Self-managed - SPECIAL 80G KVM PROMO V5 - HONG KONG CN2 GIA,Basic VPS - Self-managed - SPECIAL 80G KVM PROMO V5 - HONG KONG CN2 GIA,https://bwh81.net/aff.php?aff=20859&pid=96,80 GB RAID-10,4096 MB,4x Intel Xeon,1000 GB/mo,1 Gigabit,"$1,559.99 ",HK - Hong Kong CN2 GIA ,,,,,,,,,,,,
Basic VPS - Self-managed - SPECIAL 160G KVM PROMO V5 - HONG KONG CN2 GIA,Basic VPS - Self-managed - SPECIAL 160G KVM PROMO V5 - HONG KONG CN2 GIA,https://bwh81.net/aff.php?aff=20859&pid=97,160 GB RAID-10,8192 MB,6x Intel Xeon,2000 GB/mo,1 Gigabit,"$2,999.99 ",HK - Hong Kong CN2 GIA ,,,,,,,,,,,,
Basic VPS - Self-managed - SPECIAL 320G KVM PROMO V5 - HONG KONG CN2 GIA,Basic VPS - Self-managed - SPECIAL 320G KVM PROMO V5 - HONG KONG CN2 GIA,https://bwh81.net/aff.php?aff=20859&pid=98,320 GB RAID-10,16384 MB,8x Intel Xeon,4000 GB/mo,1 Gigabit,"$5,899.99 ",HK - Hong Kong CN2 GIA ,,,,,,,,,,,,
Basic VPS - Self-managed - SPECIAL 320G KVM PROMO V3 - LOS ANGELES - CN2 - HIBW1,Basic VPS - Self-managed - SPECIAL 320G KVM PROMO V3 - LOS ANGELES - CN2 - HIBW1,https://bwh81.net/aff.php?aff=20859&pid=106,320 GB RAID-10,16 GB,3x Intel Xeon,12000 GB/mo,1 Gigabit,$999.99 ,US - Los Angeles DC3 CN2 ,,,,,,,,,,,,
Basic VPS - Self-managed - SPECIAL 320G KVM PROMO V3 - LOS ANGELES - CN2 - HIBW2,Basic VPS - Self-managed - SPECIAL 320G KVM PROMO V3 - LOS ANGELES - CN2 - HIBW2,https://bwh81.net/aff.php?aff=20859&pid=107,320 GB RAID-10,16 GB,3x Intel Xeon,16000 GB/mo,1 Gigabit,"$1,299.99 ",US - Los Angeles DC3 CN2 ,,,,,,,,,,,,
Basic VPS - Self-managed - SPECIAL 40G KVM PROMO V5 - TOKYO CN2 GIA,Basic VPS - Self-managed - SPECIAL 40G KVM PROMO V5 - TOKYO CN2 GIA,https://bwh81.net/aff.php?aff=20859&pid=108,40 GB RAID-10,2048 MB,2x Intel Xeon,500 GB/mo,1.2 Gigabit,$899.99 ,JP - Tokyo Equinix TY8 CN2GIA ,,,,,,,,,,,,
Basic VPS - Self-managed - SPECIAL 80G KVM PROMO V5 - TOKYO CN2 GIA,Basic VPS - Self-managed - SPECIAL 80G KVM PROMO V5 - TOKYO CN2 GIA,https://bwh81.net/aff.php?aff=20859&pid=109,80 GB RAID-10,4096 MB,4x Intel Xeon,1000 GB/mo,1.2 Gigabit,"$1,559.99 ",JP - Tokyo Equinix TY8 CN2GIA ,,,,,,,,,,,,
Basic VPS - Self-managed - SPECIAL 160G KVM PROMO V5 - TOKYO CN2 GIA,Basic VPS - Self-managed - SPECIAL 160G KVM PROMO V5 - TOKYO CN2 GIA,https://bwh81.net/aff.php?aff=20859&pid=110,160 GB RAID-10,8192 MB,6x Intel Xeon,2000 GB/mo,1.2 Gigabit,"$2,999.99 ",JP - Tokyo Equinix TY8 CN2GIA ,,,,,,,,,,,,
Basic VPS - Self-managed - SPECIAL 320G KVM PROMO V5 - TOKYO CN2 GIA,Basic VPS - Self-managed - SPECIAL 320G KVM PROMO V5 - TOKYO CN2 GIA,https://bwh81.net/aff.php?aff=20859&pid=111,320 GB RAID-10,16384 MB,8x Intel Xeon,4000 GB/mo,1.2 Gigabit,"$5,899.99 ",JP - Tokyo Equinix TY8 CN2GIA ,,,,,,,,,,,,
Basic VPS - Self-managed - SPECIAL 20G KVM PROMO V5 - DUBAI - ECOMMERCE,Basic VPS - Self-managed - SPECIAL 20G KVM PROMO V5 - DUBAI - ECOMMERCE,https://bwh81.net/aff.php?aff=20859&pid=114,20 GB RAID-10,1 GB,2x Intel Xeon,500 GB/mo,1 Gigabit,$169.99 ,UAE - Dubai Equinix ,US - Los Angeles DC2 QNET ,US - Los Angeles DC3 QNET ,US - Los Angeles DC4 MCOM ,US - Los Angeles DC6 CN2GIA ,US - Los Angeles DC9 CN2GIA ,US - Fremont ,Canada - Vancouver ,US - New Jersey ,US - New York ,NL - Amsterdam ,NL - China Unicom Amsterdam ,JP - Equinix Osaka Softbank 
Basic VPS - Self-managed - SPECIAL 40G KVM PROMO V5 - DUBAI - ECOMMERCE,Basic VPS - Self-managed - SPECIAL 40G KVM PROMO V5 - DUBAI - ECOMMERCE,https://bwh81.net/aff.php?aff=20859&pid=115,40 GB RAID-10,2 GB,3x Intel Xeon,1000 GB/mo,1 Gigabit,$299.99 ,UAE - Dubai Equinix ,US - Los Angeles DC2 QNET ,US - Los Angeles DC3 QNET ,US - Los Angeles DC4 MCOM ,US - Los Angeles DC6 CN2GIA ,US - Los Angeles DC9 CN2GIA ,US - Fremont ,Canada - Vancouver ,US - New Jersey ,US - New York ,NL - Amsterdam ,NL - China Unicom Amsterdam ,JP - Equinix Osaka Softbank 
Basic VPS - Self-managed - SPECIAL 80G KVM PROMO V5 - DUBAI - ECOMMERCE,Basic VPS - Self-managed - SPECIAL 80G KVM PROMO V5 - DUBAI - ECOMMERCE,https://bwh81.net/aff.php?aff=20859&pid=116,80 GB RAID-10,4 GB,4x Intel Xeon,2000 GB/mo,1 Gigabit,$549.99 ,UAE - Dubai Equinix ,US - Los Angeles DC2 QNET ,US - Los Angeles DC3 QNET ,US - Los Angeles DC4 MCOM ,US - Los Angeles DC6 CN2GIA ,US - Los Angeles DC9 CN2GIA ,US - Fremont ,Canada - Vancouver ,US - New Jersey ,US - New York ,NL - Amsterdam ,NL - China Unicom Amsterdam ,JP - Equinix Osaka Softbank 
Basic VPS - Self-managed - SPECIAL 160G KVM PROMO V5 - DUBAI - ECOMMERCE,Basic VPS - Self-managed - SPECIAL 160G KVM PROMO V5 - DUBAI - ECOMMERCE,https://bwh81.net/aff.php?aff=20859&pid=117,160 GB RAID-10,8 GB,6x Intel Xeon,3000 GB/mo,1 Gigabit,$879.99 ,UAE - Dubai Equinix ,US - Los Angeles DC2 QNET ,US - Los Angeles DC3 QNET ,US - Los Angeles DC4 MCOM ,US - Los Angeles DC6 CN2GIA ,US - Los Angeles DC9 CN2GIA ,US - Fremont ,Canada - Vancouver ,US - New Jersey ,US - New York ,NL - Amsterdam ,NL - China Unicom Amsterdam ,JP - Equinix Osaka Softbank 
Basic VPS - Self-managed - SPECIAL 320G KVM PROMO V5 - DUBAI - ECOMMERCE,Basic VPS - Self-managed - SPECIAL 320G KVM PROMO V5 - DUBAI - ECOMMERCE,https://bwh81.net/aff.php?aff=20859&pid=118,320 GB RAID-10,16 GB,8x Intel Xeon,4000 GB/mo,1 Gigabit,"$1,599.99 ",UAE - Dubai Equinix ,US - Los Angeles DC2 QNET ,US - Los Angeles DC3 QNET ,US - Los Angeles DC4 MCOM ,US - Los Angeles DC6 CN2GIA ,US - Los Angeles DC9 CN2GIA ,US - Fremont ,Canada - Vancouver ,US - New Jersey ,US - New York ,NL - Amsterdam ,NL - China Unicom Amsterdam ,JP - Equinix Osaka Softbank 
Basic VPS - Self-managed - SPECIAL 640G KVM PROMO V5 - DUBAI - ECOMMERCE,Basic VPS - Self-managed - SPECIAL 640G KVM PROMO V5 - DUBAI - ECOMMERCE,https://bwh81.net/aff.php?aff=20859&pid=119,640 GB RAID-10,32 GB,10x Intel Xeon,5000 GB/mo,1 Gigabit,"$2,759.99 ",UAE - Dubai Equinix ,US - Los Angeles DC2 QNET ,US - Los Angeles DC3 QNET ,US - Los Angeles DC4 MCOM ,US - Los Angeles DC6 CN2GIA ,US - Los Angeles DC9 CN2GIA ,US - Fremont ,Canada - Vancouver ,US - New Jersey ,US - New York ,NL - Amsterdam ,NL - China Unicom Amsterdam ,JP - Equinix Osaka Softbank 
Basic VPS - Self-managed - SPECIAL 1280G KVM PROMO V5 - DUBAI - ECOMMERCE,Basic VPS - Self-managed - SPECIAL 1280G KVM PROMO V5 - DUBAI - ECOMMERCE,https://bwh81.net/aff.php?aff=20859&pid=120,1280 GB RAID-10,64 GB,12x Intel Xeon,6000 GB/mo,1 Gigabit,"$5,399.99 ",UAE - Dubai Equinix ,US - Los Angeles DC2 QNET ,US - Los Angeles DC3 QNET ,US - Los Angeles DC4 MCOM ,US - Los Angeles DC6 CN2GIA ,US - Los Angeles DC9 CN2GIA ,US - Fremont ,Canada - Vancouver ,US - New Jersey ,US - New York ,NL - Amsterdam ,NL - China Unicom Amsterdam ,JP - Equinix Osaka Softbank 
Basic VPS - Self-managed - SPECIAL 640G KVM PROMO V5 - HONG KONG CN2 GIA,Basic VPS - Self-managed - SPECIAL 640G KVM PROMO V5 - HONG KONG CN2 GIA,https://bwh81.net/aff.php?aff=20859&pid=122,640 GB RAID-10,32768 MB,10x Intel Xeon,6000 GB/mo,1 Gigabit,"$9,989.99 ",HK - Hong Kong CN2 GIA ,,,,,,,,,,,,
Basic VPS - Self-managed - SPECIAL 640G KVM PROMO V5 - TOKYO CN2 GIA,Basic VPS - Self-managed - SPECIAL 640G KVM PROMO V5 - TOKYO CN2 GIA,https://bwh81.net/aff.php?aff=20859&pid=123,640 GB RAID-10,32768 MB,10x Intel Xeon,6000 GB/mo,1.2 Gigabit,"$9,989.99 ",JP - Tokyo Equinix TY8 CN2GIA ,,,,,,,,,,,,
Basic VPS - Self-managed - SPECIAL 1280G KVM PROMO V5 - HONG KONG CN2 GIA,Basic VPS - Self-managed - SPECIAL 1280G KVM PROMO V5 - HONG KONG CN2 GIA,https://bwh81.net/aff.php?aff=20859&pid=124,1280 GB RAID-10,65536 MB,12x Intel Xeon,8000 GB/mo,1 Gigabit,"$18,989.99 ",HK - Hong Kong CN2 GIA ,,,,,,,,,,,,
Basic VPS - Self-managed - SPECIAL 1280G KVM PROMO V5 - TOKYO CN2 GIA,Basic VPS - Self-managed - SPECIAL 1280G KVM PROMO V5 - TOKYO CN2 GIA,https://bwh81.net/aff.php?aff=20859&pid=125,1280 GB RAID-10,65536 MB,12x Intel Xeon,8000 GB/mo,1.2 Gigabit,"$18,989.99 ",JP - Tokyo Equinix TY8 CN2GIA ,,,,,,,,,,,,
Basic VPS - Self-managed - SPECIAL 320G KVM PROMO V3 - LOS ANGELES - CN2 - HIBW3,Basic VPS - Self-managed - SPECIAL 320G KVM PROMO V3 - LOS ANGELES - CN2 - HIBW3,https://bwh81.net/aff.php?aff=20859&pid=127,320 GB RAID-10,16 GB,3x Intel Xeon,20000 GB/mo,1 Gigabit,"$1,689.99 ",US - Los Angeles DC3 CN2 ,,,,,,,,,,,,
Basic VPS - Self-managed - SPECIAL 320G KVM PROMO V3 - LOS ANGELES - CN2 - HIBW4,Basic VPS - Self-managed - SPECIAL 320G KVM PROMO V3 - LOS ANGELES - CN2 - HIBW4,https://bwh81.net/aff.php?aff=20859&pid=128,320 GB RAID-10,16 GB,3x Intel Xeon,24000 GB/mo,1 Gigabit,"$1,999.99 ",US - Los Angeles DC3 CN2 ,,,,,,,,,,,,
